date,open,high,low,close,fluctuation
2020/03/27,232.15,232.20,225.05,226.35,-7.05
2020/03/26,226.80,238.95,226.65,238.95,11.35
2020/03/25,234.50,237.45,227.85,233.10,0.60
2020/03/24,219.50,225.85,218.45,224.15,4.15
2020/03/23,199.90,209.25,199.65,203.30,3.90
2020/03/20,218.75,219.85,209.65,210.00,-5.55
2020/03/19,201.05,205.35,199.50,204.10,6.60
2020/03/18,212.75,216.40,207.50,212.25,0.70
2020/03/17,222.00,229.70,218.10,229.30,4.90
2020/03/16,229.50,229.50,218.10,218.10,-11.45
2020/03/13,243.55,252.05,237.95,247.40,6.85
2020/03/12,243.45,244.80,231.65,231.65,-12.15
2020/03/11,258.10,259.05,252.95,254.60,-2.30
2020/03/10,265.25,267.30,261.15,267.25,2.25
2020/03/09,262.35,263.05,255.55,259.10,-3.30
2020/03/06,274.20,274.70,269.95,270.40,-3.80
2020/03/05,279.50,280.35,275.80,276.10,-5.15
2020/03/04,278.75,281.10,277.90,280.55,2.30
2020/03/03,273.80,276.20,269.15,270.40,-1.90
2020/03/02,272.50,273.20,268.55,271.90,1.00
2020/02/28,268.05,269.80,265.10,267.45,-0.40
2020/02/27,278.95,280.40,274.15,276.00,-1.75
2020/02/26,279.40,282.10,277.05,279.20,-0.80
2020/02/25,283.55,284.25,276.80,277.95,-6.75
2020/02/24,279.35,279.55,276.90,278.50,-2.65
2020/02/21,291.85,292.45,289.95,290.15,-1.75
2020/02/20,297.00,297.05,291.60,293.00,-4.40
2020/02/19,298.50,299.85,298.40,299.30,0.55
2020/02/18,297.50,298.90,297.10,298.55,0.75
2020/02/17,302.95,303.30,302.35,303.20,0.25
2020/02/14,302.65,303.95,301.70,301.85,-1.50
2020/02/13,300.40,301.20,298.55,301.05,0.60
2020/02/12,302.45,303.65,301.85,303.55,1.70
2020/02/11,299.70,301.05,299.25,299.45,-0.35
2020/02/10,295.85,297.20,295.40,296.80,0.35
2020/02/07,297.65,297.90,295.20,295.70,-2.30
2020/02/06,301.20,301.20,299.45,300.10,-1.30
2020/02/05,293.30,296.25,293.10,295.55,3.25
2020/02/04,291.95,294.25,291.75,294.05,2.65
2020/02/03,285.15,286.85,284.30,286.80,1.60
2020/01/31,284.55,285.30,281.35,281.75,-3.40
2020/01/30,287.80,288.65,286.20,288.00,0
2020/01/29,294.30,294.80,293.30,294.20,0.05
2020/01/28,292.60,294.55,290.65,294.35,1.35
2020/01/23,302.95,303.35,301.05,303.25,0.40
2020/01/22,306.40,306.70,305.20,305.80,-0.95
2020/01/21,301.60,302.80,301.25,301.85,-0.15
2020/01/20,305.95,306.30,305.65,306.05,-0.30
2020/01/17,304.10,304.95,303.85,304.40,0.60
2020/01/16,303.30,304.70,303.15,304.15,1.00
2020/01/15,300.35,301.15,299.15,299.85,-0.35
2020/01/14,301.35,302.30,301.20,302.05,0.05
2020/01/13,300.80,302.65,300.25,302.45,1.80
2020/01/10,297.50,298.20,297.10,297.30,-0.35
2020/01/09,295.50,295.80,293.95,294.60,-0.40
2020/01/08,290.55,293.75,290.55,293.50,3.35
2020/01/07,292.75,292.75,291.20,292.55,0.15
2020/01/06,288.30,290.40,287.95,289.90,0.90
2020/01/03,291.15,291.75,289.60,290.90,-0.60
2020/01/02,291.35,293.25,291.00,293.20,2.45
2019/12/30,295.30,295.60,293.20,293.25,-1.95
2019/12/27,296.85,297.40,295.30,295.35,-1.30
2019/12/26,291.50,291.85,291.30,291.65,0.15
2019/12/24,289.70,290.20,289.70,290.10,0.40
2019/12/23,292.10,292.70,291.90,292.45,0.45
2019/12/20,292.40,293.40,292.30,293.35,1.10
2019/12/19,291.60,292.65,290.85,292.55,0.95
2019/12/18,291.55,292.10,291.35,292.05,0.75
2019/12/17,291.55,292.00,291.00,291.95,0.25
2019/12/16,287.50,289.25,287.15,288.50,1.25
2019/12/13,288.20,289.10,286.50,287.30,-0.70
2019/12/12,282.95,286.15,282.00,285.20,2.35
2019/12/11,280.50,282.55,280.45,282.45,1.70
2019/12/10,278.65,279.75,278.15,279.60,0.15
2019/12/09,277.95,278.15,277.05,277.15,-0.75
2019/12/06,276.80,278.25,276.70,278.05,1.35
2019/12/05,274.35,274.55,273.35,274.35,0.25
2019/12/04,274.65,276.00,274.55,275.70,0.90
2019/12/03,276.30,276.55,273.65,273.95,-2.30
2019/12/02,278.15,278.30,276.15,276.45,-1.45
2019/11/29,277.70,278.35,277.55,277.70,0.15
2019/11/28,281.95,282.05,281.70,281.85,-0.10
2019/11/27,283.20,283.65,282.80,283.45,0.40
2019/11/26,283.05,283.20,282.45,282.95,-0.25
2019/11/25,282.95,283.70,282.55,283.55,0.75
2019/11/22,280.50,281.25,280.00,280.35,0.35
2019/11/21,278.10,279.30,278.10,279.00,0.70
2019/11/20,282.35,283.15,281.40,282.20,-0.45
2019/11/19,286.30,287.30,285.35,286.00,-0.20
2019/11/18,287.70,287.85,286.10,287.05,-0.45
2019/11/15,287.75,288.55,287.45,288.20,0.10
2019/11/14,283.85,284.20,283.30,283.90,-0.10
2019/11/13,281.85,282.40,280.90,281.95,0.10
2019/11/12,283.80,284.35,283.00,283.10,-1.00
2019/11/11,281.30,282.45,281.10,282.35,1.15
2019/11/08,283.70,284.15,283.35,283.90,0.35
2019/11/07,286.10,286.70,285.25,286.15,1.50
2019/11/06,285.25,285.30,283.80,284.25,-0.70
2019/11/05,284.65,284.80,283.85,284.65,0.10
2019/11/04,281.90,284.05,279.30,283.10,-0.10
2019/11/01,278.80,280.30,278.60,280.15,1.35
2019/10/31,276.60,276.85,275.05,276.00,-0.50
2019/10/30,275.75,277.05,275.40,276.95,1.25
2019/10/29,277.65,277.85,276.90,277.55,-0.25
2019/10/28,278.50,279.90,278.45,279.65,1.20
2019/10/25,277.30,278.50,277.10,278.45,1.15
2019/10/24,277.65,278.15,277.20,277.70,0.10
2019/10/23,276.80,276.95,275.95,276.65,0
2019/10/22,277.90,278.65,277.40,277.65,-0.55
2019/10/21,274.60,275.85,274.50,275.85,1.30
2019/10/18,273.55,274.15,273.15,273.50,0.10
2019/10/17,276.30,277.55,276.25,277.15,1.35
2019/10/16,276.80,277.60,276.40,277.50,0.55
2019/10/15,275.30,277.40,274.65,277.00,1.65
2019/10/14,274.70,274.95,273.70,273.95,-0.85
2019/10/11,273.25,276.20,273.20,274.80,2.50
2019/10/10,270.10,272.90,270.00,272.65,2.30
2019/10/08,271.75,271.85,269.85,270.30,-1.95
2019/10/07,268.45,269.55,268.30,268.60,-0.10
2019/10/04,267.45,270.20,266.65,269.95,2.50
2019/10/02,267.85,268.35,266.80,267.90,-0.75
2019/10/01,274.90,275.15,272.95,273.15,-2.05
2019/09/30,274.45,274.60,273.50,273.75,-0.40
2019/09/27,271.55,272.65,269.65,270.45,-1.30
2019/09/26,275.55,275.70,274.30,275.00,-0.10
2019/09/25,273.90,275.40,273.55,275.00,0.45
2019/09/24,278.30,278.80,276.20,276.55,-1.70
2019/09/23,275.35,276.90,275.35,276.70,-0.20
2019/09/20,276.60,277.30,275.20,275.70,-0.90
2019/09/19,275.40,275.95,274.70,274.75,-0.30
2019/09/18,273.35,273.65,272.00,273.40,0.05
2019/09/17,271.95,272.40,271.25,272.35,0.60
2019/09/16,272.10,272.50,271.50,271.85,-0.20
2019/09/11,271.20,272.20,270.50,272.10,0.90
2019/09/10,268.50,270.40,268.40,269.90,1.10
2019/09/09,267.65,267.95,267.30,267.90,0.25
2019/09/06,265.70,266.65,265.65,266.35,0.60
2019/09/05,264.80,266.20,264.55,266.00,1.30
2019/09/04,261.85,262.85,261.25,262.85,0.95
2019/09/03,257.75,258.40,257.35,258.25,0.30
2019/09/02,259.40,259.70,258.35,258.60,-0.75
2019/08/30,259.70,260.35,258.85,259.50,0.35
2019/08/29,254.95,256.65,254.95,256.60,2.40
2019/08/28,255.80,256.00,254.65,255.95,0.10
2019/08/27,253.65,255.30,253.60,253.85,-0.15
2019/08/26,254.10,254.65,253.05,253.70,1.10
2019/08/23,256.35,256.40,252.30,252.55,-3.80
2019/08/22,256.45,256.50,254.85,255.40,-1.00
2019/08/21,259.00,259.30,258.45,259.10,0.70
2019/08/20,258.05,258.25,257.25,257.40,-0.60
2019/08/19,255.60,256.40,255.40,255.55,-0.20
2019/08/16,254.40,254.85,253.55,254.60,0.55
2019/08/14,254.85,254.85,251.00,251.00,-4.20
2019/08/13,252.40,256.05,251.35,255.60,3.55
2019/08/12,254.50,254.80,253.10,253.45,-2.00
2019/08/09,255.00,255.45,254.05,254.90,-0.35
2019/08/08,253.35,255.20,252.70,254.80,1.20
2019/08/07,252.85,254.90,250.35,254.65,1.65
2019/08/06,254.35,255.05,253.20,254.50,0.85
2019/08/05,256.70,256.95,251.60,253.25,-3.70
2019/08/02,263.00,263.00,260.40,261.50,-1.65
2019/08/01,266.25,267.20,262.85,263.20,-3.00
2019/07/31,267.25,267.25,263.65,265.10,-1.75
2019/07/30,268.85,269.10,267.95,268.35,-1.05
2019/07/29,268.55,269.05,268.35,269.05,0.65
2019/07/26,272.55,272.75,272.10,272.70,0.15
2019/07/25,273.70,273.90,271.65,272.05,-1.75
2019/07/24,273.65,274.60,273.50,274.30,0.25
2019/07/23,276.65,276.90,275.95,276.40,-0.05
2019/07/22,275.30,275.90,275.25,275.45,0.30
2019/07/19,275.30,275.55,273.90,274.10,-1.05
2019/07/18,271.15,272.80,271.10,272.70,1.60
2019/07/17,271.95,272.20,270.75,271.15,-0.70
2019/07/16,274.90,274.95,273.60,273.65,-1.05
2019/07/15,273.50,273.75,273.15,273.45,-0.05
2019/07/12,273.60,273.70,272.70,273.55,0.10
2019/07/11,273.05,273.05,271.80,272.20,-0.80
2019/07/10,269.75,271.75,269.55,270.95,1.30
2019/07/09,267.80,269.55,267.75,269.30,1.30
2019/07/08,269.35,269.60,268.80,269.35,0.15
2019/07/05,274.50,274.75,273.00,273.25,-1.60
2019/07/04,275.45,275.95,275.40,275.85,0.30
2019/07/03,273.55,273.75,273.15,273.55,0.55
2019/07/02,276.65,277.30,276.50,277.30,0.30
2019/07/01,278.10,278.40,276.40,277.55,-0.55
2019/06/28,278.50,278.80,278.00,278.40,0
2019/06/27,279.10,279.40,278.40,279.10,-0.10
2019/06/26,275.90,277.10,275.90,276.45,0.70
2019/06/25,275.10,275.60,274.20,274.35,-0.70
2019/06/24,275.65,275.90,275.30,275.40,-0.30
2019/06/21,275.60,275.95,275.35,275.65,-0.05
2019/06/20,276.60,277.80,276.05,276.60,0.50
2019/06/19,274.65,276.15,274.60,275.40,0.55
2019/06/18,272.10,274.75,271.75,274.35,2.70
2019/06/17,270.15,270.50,269.75,270.15,-0.10
2019/06/14,269.85,269.85,269.25,269.40,-0.55
2019/06/13,270.35,270.90,269.65,270.20,0.60
2019/06/12,272.15,272.35,271.15,271.65,-0.50
2019/06/11,273.35,273.90,272.70,273.10,-0.05
2019/06/10,271.60,272.55,271.25,272.10,0.40
2019/06/07,267.90,269.65,267.25,269.40,1.80
2019/06/05,268.10,268.75,267.10,267.65,-0.30
2019/06/04,267.80,268.85,267.25,268.85,1.80
2019/06/03,268.05,268.40,266.95,267.20,-0.85
2019/05/31,263.45,263.90,262.40,263.70,0.20
2019/05/30,264.35,265.35,263.95,264.55,0.25
2019/05/29,261.00,262.25,260.50,262.15,1.05
2019/05/28,264.50,266.15,264.00,264.75,-0.15
2019/05/27,264.60,264.60,264.15,264.30,-0.20
2019/05/24,265.25,265.40,263.70,263.95,-1.00
2019/05/23,265.80,265.85,264.10,264.65,-1.50
2019/05/22,267.10,267.75,266.50,267.20,0
2019/05/21,266.50,267.25,266.00,267.20,0.55
2019/05/20,264.60,264.65,262.85,263.70,-1.60
2019/05/17,264.50,265.35,263.75,264.65,-0.15
2019/05/16,266.75,268.80,266.75,267.40,1.05
2019/05/15,269.75,270.30,268.40,270.10,-0.10
2019/05/14,268.75,269.45,268.30,269.20,0.55
2019/05/13,268.70,269.05,265.00,265.40,-3.65
2019/05/10,271.70,272.60,268.95,272.30,0.35
2019/05/09,271.90,272.85,269.30,271.90,-0.35
2019/05/08,280.30,280.45,278.95,279.25,-0.90
2019/05/07,281.40,281.40,277.30,277.90,-3.90
2019/05/03,284.20,285.50,284.05,285.25,1.30
2019/05/02,287.05,287.15,285.30,286.25,-0.60
2019/04/30,285.45,286.00,284.55,285.75,0.35
2019/04/29,287.65,287.80,286.90,287.30,-0.35
2019/04/26,281.60,282.60,281.50,282.60,0.85
2019/04/25,283.15,283.25,281.95,283.20,-0.05
2019/04/24,284.30,284.60,283.30,283.85,-0.40
2019/04/23,286.95,288.50,286.75,288.10,1.10
2019/04/22,286.40,286.95,286.00,286.75,0.25
2019/04/18,286.70,287.65,286.45,287.40,0.90
2019/04/17,291.55,292.05,291.05,291.50,-0.05
2019/04/16,292.00,292.20,291.65,292.00,0.35
2019/04/15,290.80,290.80,289.50,290.25,-0.50
2019/04/12,290.00,290.65,289.90,290.30,0.85
2019/04/11,288.20,288.70,287.55,287.80,-0.50
2019/04/10,289.20,289.50,288.95,288.95,-0.25
2019/04/09,287.90,288.10,286.85,287.20,-0.55
2019/04/08,287.15,287.95,286.80,287.90,0.65
2019/04/05,287.90,289.00,287.90,288.75,0.75
2019/04/04,287.20,288.40,287.10,288.15,0.85
2019/04/03,286.95,287.95,286.65,286.85,0
2019/04/02,282.55,282.90,282.20,282.50,0
2019/04/01,281.60,282.20,281.25,282.20,0.75
2019/03/29,277.10,278.00,276.80,277.80,0.60
2019/03/28,276.75,277.15,275.85,276.80,0.40
2019/03/27,277.80,278.00,275.70,276.50,-1.50
2019/03/26,277.90,279.30,277.35,278.25,0.25
2019/03/25,278.10,279.00,277.65,278.40,0.60
2019/03/22,282.60,282.65,279.10,279.20,-4.15
2019/03/21,282.40,284.20,281.55,284.00,1.20
2019/03/20,281.00,282.25,279.55,280.70,-0.20
2019/03/19,280.85,281.50,280.45,280.75,0.20
2019/03/18,280.55,281.60,280.30,281.60,0.85
2019/03/15,280.75,281.95,280.40,281.75,1.00
2019/03/14,277.90,278.45,276.65,277.15,-0.55
2019/03/13,276.20,277.15,275.90,276.65,0.95
2019/03/12,277.80,278.35,277.35,277.75,-0.25
2019/03/11,274.95,277.10,274.75,277.00,1.75
2019/03/08,274.95,275.35,273.65,274.75,-0.30
2019/03/07,278.80,279.40,277.35,277.40,-1.50
2019/03/06,280.55,280.85,279.60,280.25,-0.25
2019/03/05,281.20,281.25,280.10,281.00,0.30
2019/03/04,282.60,282.90,279.90,281.45,-1.15
2019/02/28,284.00,284.75,283.20,283.60,-0.25
2019/02/27,288.25,289.35,287.65,288.45,0
2019/02/26,287.95,288.90,287.60,288.80,1.05
2019/02/25,289.60,290.90,289.40,289.90,0.35
2019/02/22,289.15,290.15,289.00,289.35,0.60
2019/02/21,288.55,289.00,287.30,287.60,-1.00
2019/02/20,288.35,289.40,287.60,288.45,0.05
2019/02/19,285.85,287.20,284.90,287.15,1.50
2019/02/18,286.50,286.65,286.25,286.40,-0.35
2019/02/15,284.30,286.10,284.30,285.85,1.70
2019/02/14,288.15,288.35,286.60,287.45,-0.90
2019/02/13,285.35,285.65,284.25,284.90,-0.80
2019/02/12,284.55,285.85,284.40,285.50,1.20
2019/02/11,283.30,283.60,282.40,282.55,-0.10
2019/02/08,282.10,282.50,280.85,282.15,0.25
2019/02/07,286.10,286.55,283.55,284.75,-1.25
2019/02/01,286.40,287.40,286.10,286.85,0.55
2019/01/31,287.25,288.60,286.80,287.70,0.75
2019/01/30,287.90,290.55,287.20,290.50,2.90
2019/01/29,283.65,284.50,282.70,282.90,-0.65
2019/01/28,281.95,282.45,280.60,281.95,-0.20
2019/01/25,282.25,284.65,282.25,283.95,1.55
2019/01/24,277.00,278.55,276.65,278.40,1.30
2019/01/23,274.50,275.85,273.80,274.70,-0.10
2019/01/22,273.30,273.60,271.75,271.95,-1.15
2019/01/21,274.65,274.95,274.40,274.80,0
2019/01/18,274.75,277.20,274.60,276.65,1.90
2019/01/17,272.30,274.60,272.10,273.70,1.35
2019/01/16,272.45,273.80,271.65,273.20,1.10
2019/01/15,270.65,271.00,269.65,270.05,-0.80
2019/01/14,265.60,266.40,265.25,266.30,0.90
2019/01/11,268.10,268.30,267.35,268.05,0.10
2019/01/10,265.20,267.70,265.20,267.25,1.45
2019/01/09,266.15,267.95,265.80,267.25,1.20
2019/01/08,261.15,262.15,260.20,261.00,0.25
2019/01/07,262.80,264.30,262.00,263.50,0.70
2019/01/04,259.00,262.25,258.70,261.90,3.05
2019/01/03,256.70,257.60,255.65,255.95,-0.65
2019/01/02,257.50,261.30,257.10,260.60,1.75
2018/12/28,262.40,263.80,262.05,263.65,1.65
2018/12/27,260.55,261.00,259.45,260.00,-1.45
2018/12/26,257.85,259.60,257.50,259.45,2.15
2018/12/24,261.70,261.70,258.40,258.50,-3.05
2018/12/21,261.05,263.10,260.55,261.00,-0.65
2018/12/20,261.75,262.80,259.95,261.45,0
2018/12/19,264.40,265.90,261.75,261.90,-2.55
2018/12/18,262.85,263.75,262.35,262.50,-0.05
2018/12/17,263.40,263.80,261.35,261.45,-2.20
2018/12/14,262.00,264.00,261.75,262.30,-0.40
2018/12/13,267.50,268.10,266.55,266.95,-0.85
2018/12/12,268.60,271.25,268.45,270.05,1.25
2018/12/11,265.30,267.15,264.95,266.35,1.20
2018/12/10,265.75,267.35,263.75,266.10,0.70
2018/12/07,268.25,270.00,265.30,265.35,-3.15
2018/12/06,267.40,268.15,265.00,267.65,0.25
2018/12/05,272.70,272.70,271.95,272.35,0.45
2018/12/04,274.10,274.70,269.75,270.40,-3.35
2018/12/03,276.85,277.20,275.15,276.30,-0.10
2018/11/30,271.40,272.10,271.00,271.65,0.05
2018/11/29,274.30,275.45,273.60,275.35,1.05
2018/11/28,273.90,277.90,273.50,277.45,3.45
2018/11/27,272.50,273.70,271.65,273.55,1.10
2018/11/26,271.00,272.15,271.00,271.85,1.35
2018/11/23,266.90,267.35,266.05,266.20,-0.20
2018/11/22,267.75,268.35,267.35,267.75,-0.65
2018/11/21,268.95,270.45,268.60,269.70,1.15
2018/11/20,269.00,269.55,266.40,266.55,-3.05
2018/11/19,273.25,273.40,269.95,270.60,-2.00
2018/11/16,271.80,273.70,270.80,273.35,1.65
2018/11/15,271.45,274.75,270.15,274.15,2.05
2018/11/14,268.15,270.35,267.20,268.70,-0.60
2018/11/13,269.80,271.40,268.85,269.45,0.05
2018/11/12,271.30,271.65,268.00,268.50,-3.60
2018/11/09,270.80,270.80,268.50,269.20,-2.30
2018/11/08,272.90,273.30,271.50,271.85,-1.20
2018/11/07,272.80,275.10,271.85,275.10,4.35
2018/11/06,271.55,272.15,270.95,271.80,-0.25
2018/11/05,269.85,271.80,269.80,271.45,1.40
2018/11/02,273.55,273.70,270.15,271.15,-1.70
2018/11/01,264.00,267.30,263.90,266.90,3.30
2018/10/31,265.00,266.40,264.00,265.55,1.45
2018/10/30,262.80,264.00,261.20,263.85,1.10
2018/10/29,260.65,264.20,257.40,259.35,-1.20
2018/10/26,262.55,264.80,260.25,262.50,-0.95
2018/10/25,268.10,270.65,266.95,269.25,1.55
2018/10/24,271.65,273.15,265.80,266.00,-6.05
2018/10/23,273.10,275.05,271.15,274.40,1.25
2018/10/22,279.60,279.75,277.65,278.60,-1.30
2018/10/19,278.80,279.95,277.55,278.25,-0.95
2018/10/18,278.65,279.00,275.25,275.90,-2.35
2018/10/17,280.70,280.95,278.85,280.25,-0.95
2018/10/16,278.35,280.60,277.50,280.45,2.80
2018/10/15,277.15,279.25,276.95,277.75,-0.15
2018/10/12,279.75,280.50,277.40,280.15,-0.05
2018/10/11,275.50,279.25,275.10,276.10,0.55
2018/10/10,288.65,288.85,283.65,283.80,-5.00
2018/10/08,290.40,291.10,289.60,290.95,0.15
2018/10/05,291.40,291.90,289.60,290.70,-1.20
2018/10/04,292.35,293.10,290.30,290.90,-1.65
2018/10/02,296.60,298.30,296.60,297.80,0.20
2018/10/01,301.50,301.60,300.30,300.85,-0.20
2018/09/28,301.65,301.90,300.65,301.30,-0.30
2018/09/27,303.10,304.45,303.05,303.90,0.75
2018/09/21,301.15,301.55,300.70,301.35,0.35
2018/09/20,299.70,301.40,299.65,301.15,1.50
2018/09/19,296.85,297.70,296.75,297.50,0.45
2018/09/18,298.00,298.30,296.50,298.05,1.20
2018/09/17,295.55,295.65,294.60,294.70,-0.55
2018/09/14,298.05,298.20,297.05,297.65,-0.40
2018/09/13,293.95,295.35,293.40,295.05,1.80
2018/09/12,292.35,293.05,291.55,292.50,-0.15
2018/09/11,291.60,293.00,290.90,292.95,0.50
2018/09/10,293.55,294.05,292.85,293.20,-0.35
2018/09/07,292.80,292.95,291.65,292.15,-0.95
2018/09/06,295.00,295.25,293.15,293.35,-1.15
2018/09/05,294.40,294.80,293.60,294.20,-0.50
2018/09/04,298.70,298.90,297.50,297.90,-1.05
2018/09/03,298.50,300.00,297.45,297.70,0.25
2018/08/31,298.80,299.55,298.55,299.10,-0.45
2018/08/30,297.80,298.10,296.70,297.25,-1.05
2018/08/29,297.85,299.05,297.50,298.75,0.75
2018/08/28,297.40,298.20,297.30,297.65,0.20
2018/08/27,297.10,298.80,296.90,298.45,1.35
2018/08/24,295.90,296.80,295.25,296.70,1.20
2018/08/23,294.30,294.40,293.10,293.50,-0.65
2018/08/22,293.35,294.85,293.35,294.65,1.30
2018/08/21,292.55,294.10,292.35,293.70,1.20
2018/08/20,289.25,289.40,288.90,289.25,0.20
2018/08/17,288.70,289.30,287.55,289.20,0.60
2018/08/16,288.40,289.15,288.35,288.65,0.30
2018/08/14,291.50,292.15,291.15,291.85,0.15
2018/08/13,290.45,291.15,289.95,290.10,-0.45
2018/08/10,294.25,294.25,292.10,292.70,-1.35
2018/08/09,297.65,298.25,297.50,297.65,0.10
2018/08/08,298.25,298.25,297.30,297.85,0.15
2018/08/07,298.45,298.80,297.65,298.25,0.35
2018/08/06,295.55,296.45,295.45,296.10,0.30
2018/08/03,295.85,296.30,295.55,296.15,0.35
2018/08/02,293.30,294.95,292.75,294.75,1.25
2018/08/01,299.15,299.65,298.75,299.05,-0.30
2018/07/31,297.90,299.10,297.70,298.85,0.90
2018/07/30,298.25,298.50,297.20,297.35,-0.45
2018/07/27,298.65,298.90,297.30,297.55,-1.00
2018/07/26,297.50,298.50,297.30,298.25,0.75
2018/07/25,295.60,297.85,295.40,297.65,2.15
2018/07/24,296.50,297.75,296.25,296.90,0.65
2018/07/23,295.35,295.65,294.95,295.45,0.05
2018/07/20,297.80,298.30,297.10,298.05,0.55
2018/07/19,296.05,296.35,295.20,295.90,-0.15
2018/07/18,297.00,298.05,296.45,298.05,1.00
2018/07/17,297.50,298.70,297.10,298.55,1.20
2018/07/16,297.80,298.40,297.35,297.85,-0.35
2018/07/13,298.75,298.90,297.35,298.80,-0.30
2018/07/12,295.70,296.15,295.30,295.70,-0.30
2018/07/11,295.20,295.85,294.95,295.65,0.35
2018/07/10,296.85,297.35,296.20,297.25,0.30
2018/07/09,296.05,297.65,295.85,297.60,1.35
2018/07/06,293.45,295.10,292.60,294.25,0.65
2018/07/05,292.70,293.85,292.10,293.00,1.00
2018/07/04,292.90,293.20,292.10,292.60,0.05
2018/07/03,294.10,294.60,292.70,293.10,-0.65
2018/07/02,293.40,295.00,293.30,295.00,2.10
2018/06/29,300.45,300.65,299.30,300.15,0.15
2018/06/28,299.20,299.80,297.80,299.80,0.70
2018/06/27,301.00,303.15,300.15,300.50,-1.05
2018/06/26,303.10,303.10,301.40,301.90,-0.50
2018/06/25,302.20,302.75,299.25,301.20,-2.05
2018/06/22,303.85,304.35,302.35,302.60,-1.05
2018/06/21,300.10,300.35,297.45,297.50,-3.25
2018/06/20,304.30,304.30,302.65,302.85,-1.35
2018/06/19,301.20,301.85,300.20,301.65,0.30
2018/06/18,305.85,306.00,304.15,305.35,-0.50
2018/06/15,308.65,309.35,307.25,308.90,-0.30
2018/06/14,310.70,311.90,310.70,311.60,1.20
2018/06/12,316.45,316.55,315.30,315.60,-1.20
2018/06/11,317.35,318.05,317.05,317.45,0.15
2018/06/08,318.50,318.50,313.25,314.90,0.45
2018/06/07,317.85,317.85,316.30,317.10,-0.90
2018/06/05,315.30,315.30,313.50,313.70,-1.20
2018/06/04,314.55,314.70,314.10,314.45,0.15
2018/06/01,312.70,313.60,312.55,313.50,0.95
2018/05/31,310.75,311.45,309.40,310.45,0.15
2018/05/30,308.90,311.00,308.50,311.00,2.30
2018/05/29,314.95,315.65,313.35,314.45,-1.60
2018/05/28,319.25,319.25,318.70,318.90,-0.35
2018/05/25,318.50,318.95,317.65,318.55,0.10
2018/05/24,318.60,318.60,313.00,316.30,-1.40
2018/05/23,317.45,319.55,316.90,319.55,1.25
2018/05/21,316.40,316.95,315.65,316.20,-0.05
2018/05/18,315.75,316.10,314.50,314.85,-1.05
2018/05/17,314.45,315.30,314.00,315.25,0.70
2018/05/16,316.10,316.90,315.60,316.30,0.25
2018/05/15,315.50,315.70,313.25,313.75,-1.15
2018/05/14,317.80,318.30,317.40,317.65,-0.35
2018/05/11,319.20,319.35,318.65,319.10,0.30
2018/05/10,317.25,318.75,316.55,318.50,1.50
2018/05/09,315.85,316.30,315.00,316.10,0.90
2018/05/08,315.20,317.75,314.35,315.90,0.70
2018/05/04,317.40,319.10,316.25,318.35,0.75
2018/05/03,319.75,319.80,316.65,319.05,-0.10
2018/05/02,321.05,321.70,318.75,318.85,-2.05
2018/04/30,323.50,323.50,321.10,321.10,-1.70
2018/04/27,321.25,322.30,321.15,321.80,0.50
2018/04/26,318.65,321.25,318.60,321.15,2.55
2018/04/25,313.55,314.70,312.80,314.30,0.20
2018/04/24,317.05,317.50,312.70,313.45,-3.05
2018/04/23,317.70,319.05,317.50,318.15,-0.10
2018/04/20,317.95,318.75,315.50,316.55,-1.50
2018/04/19,320.00,320.60,318.90,319.00,-1.15
2018/04/18,319.00,319.75,318.40,319.25,0.50
2018/04/17,315.55,316.95,315.35,316.80,1.25
2018/04/16,315.55,316.45,315.45,316.35,0.90
2018/04/13,315.60,316.40,314.75,315.45,-0.15
2018/04/12,312.90,315.00,312.85,314.65,1.75
2018/04/11,313.55,314.20,312.40,313.65,0.05
2018/04/10,314.30,315.25,313.35,315.00,0.40
2018/04/09,314.30,315.15,313.15,313.65,-0.45
2018/04/06,312.50,313.85,308.55,310.35,-2.00
2018/04/05,314.05,315.25,313.25,314.35,0.25
2018/04/04,308.50,311.95,305.75,311.90,3.20
2018/04/03,314.05,316.00,313.20,315.70,1.75
2018/04/02,314.50,315.10,309.35,310.75,-3.85
2018/03/29,315.65,318.85,315.30,318.00,2.40
2018/03/28,311.10,313.65,310.65,312.00,0.20
2018/03/27,316.35,316.60,311.00,311.35,-4.95
2018/03/26,315.80,317.40,313.70,317.35,1.70
2018/03/23,313.35,314.95,308.80,308.85,-3.80
2018/03/22,322.00,322.70,318.15,318.20,-5.05
2018/03/21,322.35,323.85,321.65,322.60,-0.15
2018/03/20,322.05,322.60,321.50,322.25,-0.20
2018/03/19,320.10,320.70,317.65,318.65,-2.35
2018/03/16,323.30,323.80,323.10,323.65,0.50
2018/03/15,323.85,324.60,322.60,323.15,-0.85
2018/03/14,323.50,323.95,321.20,322.20,-0.50
2018/03/13,322.85,323.75,320.25,320.65,-2.00
2018/03/12,321.05,321.85,320.70,321.65,0.40
2018/03/09,318.40,321.55,317.45,321.30,3.05
2018/03/08,314.60,316.25,314.45,315.95,1.20
2018/03/07,311.40,313.80,311.40,313.00,2.05
2018/03/06,310.75,315.05,310.30,314.40,3.60
2018/03/05,304.90,306.90,304.45,306.85,2.50
2018/03/02,308.40,308.70,305.90,308.50,-0.15
2018/02/28,313.30,314.10,312.30,312.85,-0.10
2018/02/27,316.25,316.85,314.70,314.95,-1.30
2018/02/26,318.15,319.15,317.30,319.05,1.45
2018/02/23,316.45,317.95,316.20,317.90,0.45
2018/02/22,312.45,315.30,312.25,313.40,1.05
2018/02/21,314.20,316.10,313.60,315.20,0.65
2018/02/20,312.20,313.15,310.20,312.60,0.10
2018/02/19,316.45,316.45,314.80,315.65,-1.10
2018/02/14,315.35,317.65,311.50,317.35,2.55
2018/02/13,311.00,313.00,310.55,312.95,1.05
2018/02/12,309.50,310.90,307.70,310.60,2.00
2018/02/09,305.20,307.35,299.00,305.25,0.90
2018/02/08,313.00,313.15,305.65,306.70,-6.30
2018/02/07,310.30,314.95,309.70,311.55,1.55
2018/02/06,318.90,322.15,318.20,322.05,3.90
2018/02/05,323.65,324.35,320.00,320.00,-3.50
2018/02/02,327.10,327.10,324.10,324.50,-3.40
2018/02/01,334.05,334.25,332.30,333.10,-1.05
2018/01/31,335.30,335.90,334.10,334.30,-0.65
2018/01/30,334.35,335.20,332.75,333.25,-1.15
2018/01/29,338.70,338.85,337.90,338.25,-0.75
2018/01/26,336.45,337.75,336.45,337.65,1.20
2018/01/25,334.95,335.45,334.55,334.85,0.05
2018/01/24,332.35,332.85,330.80,331.90,-0.20
2018/01/23,331.75,331.85,330.80,331.50,-0.25
2018/01/22,326.75,328.20,326.65,327.95,1.20
2018/01/19,330.50,331.20,330.20,331.15,1.05
2018/01/18,329.65,330.30,329.55,330.20,0.30
2018/01/17,330.10,331.35,329.80,331.25,1.55
2018/01/16,331.30,331.90,329.65,329.90,-1.10
2018/01/15,327.85,328.10,327.45,327.85,0.05
2018/01/12,327.90,329.05,326.85,328.75,1.40
2018/01/11,327.10,328.30,326.85,328.20,1.20
2018/01/10,328.20,328.55,326.75,328.20,-0.15
2018/01/09,331.10,332.25,331.05,332.00,1.05
2018/01/08,331.50,332.05,331.30,331.75,0
2018/01/05,329.95,330.75,329.30,330.55,1.10
2018/01/04,325.50,326.95,325.50,326.65,1.15
2018/01/03,327.90,330.45,327.90,330.30,2.10
2018/01/02,326.85,327.40,326.25,327.25,0.25
2017/12/28,326.50,326.50,325.75,326.10,-0.05
2017/12/27,321.75,321.85,321.05,321.30,-0.40
2017/12/26,318.05,318.05,317.05,317.60,-0.35
2017/12/22,319.10,319.25,318.65,319.00,0
2017/12/21,317.30,318.60,317.20,318.35,1.00
2017/12/20,324.15,324.40,322.95,323.50,-0.55
2017/12/19,324.45,324.50,322.85,323.50,-0.85
2017/12/18,324.80,325.80,324.75,325.40,0.75
2017/12/15,323.45,324.50,323.05,324.45,1.20
2017/12/14,324.90,325.65,324.65,325.00,0.20
2017/12/13,326.30,327.50,325.95,327.45,1.25
2017/12/12,323.75,325.00,323.55,324.80,1.00
2017/12/11,324.90,324.90,324.15,324.90,0.05
2017/12/08,324.90,325.55,324.60,324.80,0.05
2017/12/07,323.85,324.85,323.15,324.55,0.50
2017/12/06,325.00,325.55,324.75,325.55,0.55
2017/12/05,329.85,330.50,329.10,329.55,-0.40
2017/12/04,328.20,328.65,327.10,327.35,-1.00
2017/12/01,324.80,325.70,323.70,324.85,-0.35
2017/11/30,325.90,327.45,325.80,327.45,1.85
2017/11/29,331.15,331.35,328.85,329.35,-1.70
2017/11/28,331.45,332.25,330.75,331.90,0.85
2017/11/27,329.70,330.55,329.20,329.55,0.30
2017/11/24,335.55,336.55,335.50,336.05,0.45
2017/11/23,335.05,335.60,334.90,335.15,0.35
2017/11/22,335.90,336.15,335.45,335.90,0
2017/11/21,334.10,336.45,334.10,336.20,2.00
2017/11/20,332.90,334.40,332.90,334.20,1.40
2017/11/17,334.25,334.60,333.65,334.35,0.05
2017/11/16,334.80,336.50,334.50,336.30,1.65
2017/11/15,332.10,332.35,330.80,332.05,-0.45
2017/11/14,334.70,335.25,333.50,333.70,-0.95
2017/11/13,334.90,335.15,333.65,335.15,0.25
2017/11/10,335.85,336.25,335.10,335.70,-0.55
2017/11/09,336.75,337.10,333.90,335.35,-1.65
2017/11/08,338.70,339.20,338.40,339.20,0.60
2017/11/07,336.90,337.15,335.50,335.85,-1.25
2017/11/06,337.60,338.45,336.75,338.35,0.85
2017/11/03,339.75,339.95,338.60,339.50,-0.20
2017/11/02,338.50,339.00,337.80,338.85,0.45
2017/11/01,340.05,341.15,339.80,340.25,0.35
2017/10/31,334.70,335.55,334.70,335.15,0.75
2017/10/30,330.70,331.10,330.25,330.45,-0.35
2017/10/27,330.45,332.00,330.15,331.65,1.45
2017/10/26,327.10,328.30,327.05,327.65,0.55
2017/10/25,330.10,330.40,328.55,329.35,-0.75
2017/10/24,329.95,330.85,329.85,330.45,0.55
2017/10/23,330.40,330.65,329.50,329.60,-0.80
2017/10/20,329.40,330.35,329.35,330.15,0.55
2017/10/19,326.50,327.25,325.70,327.10,-0.35
2017/10/18,329.20,330.20,329.20,329.85,0.65
2017/10/17,329.05,329.35,328.45,328.60,-0.55
2017/10/16,328.85,329.05,328.10,328.60,-0.25
2017/10/13,328.60,329.45,328.35,329.10,0.45
2017/10/12,328.65,329.40,328.65,328.90,-0.10
2017/10/11,326.45,327.50,325.80,327.25,0.65
2017/10/10,323.45,324.45,323.30,324.35,0.85
2017/09/29,317.15,319.10,317.15,318.95,1.30
2017/09/28,314.80,315.20,314.45,315.00,0.05
2017/09/27,314.80,315.00,313.40,314.75,0
2017/09/26,315.35,315.65,315.15,315.45,0.30
2017/09/25,317.20,317.45,315.00,315.90,-1.25
2017/09/22,317.35,317.50,316.70,317.40,0.30
2017/09/21,319.50,320.00,318.90,319.30,-0.10
2017/09/20,319.45,319.45,317.55,318.55,-0.60
2017/09/19,319.45,320.10,319.30,320.10,0.70
2017/09/18,319.75,320.20,319.40,319.50,-0.55
2017/09/15,314.50,315.05,314.15,314.85,0.30
2017/09/14,313.45,313.60,312.40,313.00,-0.60
2017/09/13,310.10,310.30,309.75,310.00,0.10
2017/09/12,310.70,310.95,310.30,310.70,0.15
2017/09/11,310.85,311.95,310.70,311.90,1.30
2017/09/08,307.30,308.20,307.05,307.40,-0.20
2017/09/07,307.50,308.25,307.45,307.90,0.35
2017/09/06,303.80,305.10,303.60,304.60,0.95
2017/09/05,304.10,304.65,302.45,303.25,-0.80
2017/09/04,304.85,305.65,304.70,305.50,0.65
2017/09/01,307.65,308.65,307.60,308.45,0.80
2017/08/31,308.25,308.95,307.85,308.65,0.65
2017/08/30,310.00,310.20,309.35,310.10,-0.25
2017/08/29,307.80,309.55,306.95,309.55,1.05
2017/08/28,309.55,310.25,309.45,309.95,0.40
2017/08/25,311.65,312.50,311.45,311.75,0.15
2017/08/24,311.75,312.95,311.50,311.95,0.50
2017/08/23,309.90,310.15,309.35,309.75,-0.20
2017/08/22,309.95,312.00,309.50,312.00,1.95
2017/08/21,308.20,309.20,308.05,308.90,0.50
2017/08/18,308.75,310.10,308.10,308.65,-0.45
2017/08/17,309.20,309.40,305.95,306.00,-3.25
2017/08/16,308.00,309.20,307.70,308.60,1.00
2017/08/14,306.45,308.50,306.20,308.25,2.30
2017/08/11,302.55,305.00,301.35,304.00,1.15
2017/08/10,308.15,308.35,303.55,303.95,-4.65
2017/08/09,309.80,310.10,308.60,309.55,-0.45
2017/08/08,313.85,314.85,312.50,312.75,-1.45
2017/08/07,314.25,314.65,313.90,314.55,0.30
2017/08/04,314.35,314.75,313.65,314.65,0.45
2017/08/03,313.00,313.10,311.70,312.55,-0.45
2017/08/02,318.40,318.45,316.65,317.75,-0.75
2017/08/01,318.10,318.35,317.45,317.75,-0.15
2017/07/31,315.15,315.45,314.35,314.65,-0.25
2017/07/28,313.90,315.15,313.20,314.75,0.85
2017/07/27,321.20,321.25,318.85,320.00,-1.20
2017/07/26,320.50,321.00,320.20,320.90,0.60
2017/07/25,321.20,321.75,321.15,321.55,0.55
2017/07/24,322.45,322.75,322.10,322.60,0
2017/07/21,322.60,322.80,321.60,322.55,0.10
2017/07/20,321.05,321.50,320.70,321.00,0.05
2017/07/19,320.00,320.55,319.85,320.55,0.50
2017/07/18,319.65,319.90,318.45,319.80,0.40
2017/07/17,318.75,319.05,318.45,318.75,-0.10
2017/07/14,317.95,320.50,317.80,320.05,2.00
2017/07/13,318.05,318.25,317.55,318.05,0.15
2017/07/12,314.10,316.15,314.05,315.95,2.00
2017/07/11,313.90,314.30,313.40,313.75,-0.30
2017/07/10,312.15,312.65,311.85,312.55,0.40
2017/07/07,311.50,312.70,311.45,312.35,0.75
2017/07/06,312.35,312.35,310.75,310.75,-1.70
2017/07/05,312.35,313.30,312.20,313.00,0.55
2017/07/04,311.40,311.40,310.80,311.05,0.05
2017/07/03,313.60,314.15,313.30,313.65,0.35
2017/06/30,312.90,313.60,312.55,313.15,0.25
2017/06/29,313.50,313.65,310.45,311.45,-2.25
2017/06/28,310.85,313.00,310.85,312.90,1.30
2017/06/27,312.30,312.45,311.20,311.20,-1.25
2017/06/26,312.00,312.45,311.40,311.65,-0.25
2017/06/23,310.65,311.05,310.25,310.90,0.30
2017/06/22,309.50,310.50,309.50,309.90,0
2017/06/21,308.00,308.80,307.70,308.45,0.30
2017/06/20,309.45,309.70,308.50,308.55,-0.90
2017/06/19,309.45,310.05,309.00,309.95,0.80
2017/06/16,307.20,307.50,305.90,306.75,-0.60
2017/06/15,306.25,307.00,305.45,306.75,-0.25
2017/06/14,308.90,309.85,308.10,308.60,-0.15
2017/06/13,308.50,309.40,308.10,309.30,0.90
2017/06/12,305.95,306.50,305.70,306.30,-0.35
2017/06/09,310.10,310.95,307.50,308.00,-1.90
2017/06/08,307.90,308.40,307.50,308.10,0.10
2017/06/07,305.50,306.10,305.05,305.85,0.35
2017/06/05,307.70,307.85,307.45,307.50,-0.20
2017/06/02,307.80,308.95,307.75,308.70,0.85
2017/06/01,304.35,305.25,304.15,305.25,1.00
2017/05/31,304.95,306.20,303.75,304.30,-0.85
2017/05/30,304.55,304.80,303.75,304.55,0.10
2017/05/29,306.85,307.10,306.75,307.00,0.10
2017/05/26,307.25,308.25,306.90,307.90,0.45
2017/05/25,305.45,306.45,305.25,306.15,0.55
2017/05/24,302.15,302.95,301.75,302.85,0.85
2017/05/23,301.55,302.60,301.50,302.35,1.20
2017/05/22,300.55,301.95,300.50,301.55,0.85
2017/05/19,298.55,300.65,298.45,300.10,1.75
2017/05/18,298.55,299.00,297.20,298.65,-0.10
2017/05/17,299.65,300.10,296.40,296.40,-3.20
2017/05/16,299.45,300.40,299.40,299.95,0.60
2017/05/15,299.55,301.10,299.30,300.65,0.90
2017/05/12,298.60,299.35,298.30,299.15,0.40
2017/05/11,300.05,300.45,298.75,300.10,-0.10
2017/05/10,296.90,298.00,296.45,297.85,1.30
2017/05/08,300.25,301.55,300.05,300.45,-0.35
2017/05/04,292.95,293.50,291.90,291.95,-0.90
2017/05/02,290.10,290.70,290.00,290.50,0.35
2017/04/28,280.00,288.15,280.00,287.75,-0.15
2017/04/27,287.30,287.80,286.85,286.90,-0.55
2017/04/26,286.50,286.90,286.15,286.20,-0.35
2017/04/25,285.25,286.45,285.05,286.15,0.85
2017/04/24,282.15,282.75,282.15,282.70,0.75
2017/04/21,280.70,281.05,280.15,280.90,0.10
2017/04/20,278.55,279.75,278.50,279.75,1.40
2017/04/19,277.10,277.55,276.20,276.35,-0.60
2017/04/18,278.00,278.35,277.35,277.65,-0.80
2017/04/17,278.75,279.75,278.65,279.70,0.95
2017/04/13,278.95,279.35,278.40,278.45,-0.80
2017/04/12,277.30,277.45,276.50,276.75,-0.30
2017/04/11,276.05,276.85,275.85,276.45,0.45
2017/04/10,277.70,277.90,276.95,277.40,-0.35
2017/04/07,279.40,279.85,279.20,279.40,0.05
2017/04/06,280.00,280.70,279.85,280.20,0.20
2017/04/05,281.00,281.85,280.00,280.15,-0.80
2017/04/04,281.40,281.75,281.10,281.75,0.30
2017/04/03,281.90,282.05,280.70,281.95,-0.05
2017/03/31,281.65,282.20,281.60,281.70,0
2017/03/30,281.95,282.60,281.85,282.50,0.35
2017/03/29,282.05,282.55,282.00,282.30,0.10
2017/03/28,281.50,282.80,281.30,282.75,1.20
2017/03/27,281.00,282.00,280.65,281.75,1.00
2017/03/24,282.80,283.60,282.60,282.90,0.05
2017/03/23,283.00,283.75,282.70,283.35,0.15
2017/03/22,282.60,283.65,282.20,283.40,0.85
2017/03/21,284.05,284.75,282.30,282.30,-1.75
2017/03/20,281.50,282.85,281.40,281.95,0.45
2017/03/17,281.45,281.85,281.35,281.65,0.20
2017/03/16,280.40,281.10,280.15,280.40,0.10
2017/03/15,278.65,282.05,278.45,281.55,2.95
2017/03/14,277.80,278.10,277.30,277.55,-0.45
2017/03/13,275.70,276.50,275.25,276.45,0.70
2017/03/10,272.75,273.05,272.40,272.80,0.25
2017/03/09,271.80,271.90,270.90,271.05,-0.60
2017/03/08,272.35,272.80,272.20,272.35,0.15
2017/03/07,271.55,271.70,271.15,271.35,-0.30
2017/03/06,270.05,270.60,269.95,270.55,0.30
2017/03/03,269.60,270.30,269.60,270.15,0.50
2017/03/02,272.65,272.70,271.90,272.10,-0.60
2017/02/28,269.80,269.90,269.40,269.80,0.05
2017/02/27,269.50,269.60,269.20,269.45,-0.05
2017/02/24,270.60,270.65,269.70,270.20,-0.35
2017/02/23,272.95,273.30,272.65,273.00,0
2017/02/22,272.60,272.65,272.05,272.50,-0.15
2017/02/21,272.25,272.70,272.15,272.65,0.40
2017/02/20,269.70,269.95,269.65,269.85,0.10
2017/02/17,268.90,269.05,268.60,269.00,0
2017/02/16,268.75,268.85,268.25,268.55,-0.20
2017/02/15,268.95,269.65,268.65,269.55,0.65
2017/02/14,268.00,268.10,267.05,267.80,-0.20
2017/02/13,268.90,269.85,268.65,269.60,0.75
2017/02/10,268.70,269.10,268.15,268.80,0.05
2017/02/09,268.45,270.05,268.30,269.90,1.40
2017/02/08,268.00,268.55,267.65,268.45,0.20
2017/02/07,269.40,269.60,268.65,269.05,-0.30
2017/02/06,270.00,270.15,269.65,269.80,-0.25
2017/02/03,270.10,271.10,269.85,271.00,1.20
2017/02/02,269.30,269.95,269.05,269.75,0.55
2017/02/01,270.10,270.80,269.75,269.85,-0.35
2017/01/31,269.50,269.65,268.75,268.90,-0.30
2017/01/26,270.90,271.20,270.85,271.00,0
2017/01/25,268.50,269.70,268.40,269.60,1.35
2017/01/24,267.90,269.15,267.85,269.05,1.05
2017/01/23,267.20,267.75,267.05,267.75,0.60
2017/01/20,267.55,267.85,266.75,267.15,-0.45
2017/01/19,268.05,268.20,267.00,267.15,-1.00
2017/01/18,267.90,268.50,267.50,268.40,0.45
2017/01/17,268.25,268.55,267.80,267.85,-0.55
2017/01/16,267.35,267.80,267.20,267.55,0.15
2017/01/13,268.65,269.50,268.45,269.20,0.55
2017/01/12,268.75,269.20,267.95,269.15,0.30
2017/01/11,269.00,269.90,268.50,268.95,-0.10
2017/01/10,264.10,264.85,264.00,264.35,0.35
2017/01/09,263.90,264.00,263.50,263.60,-0.45
2017/01/06,263.60,264.35,263.35,264.15,0.50
2017/01/05,262.60,262.85,262.45,262.80,0.15
2017/01/04,263.30,263.30,262.90,262.95,-0.40
2017/01/03,263.35,263.75,262.80,263.00,-0.20
2016/12/29,260.00,260.95,259.90,260.90,0.85
2016/12/28,260.40,260.60,259.60,259.70,-0.70
2016/12/27,259.45,260.30,259.30,260.05,0.55
2016/12/23,258.55,258.95,258.50,258.85,0.25
2016/12/22,259.10,259.20,258.05,258.55,-0.55
2016/12/21,259.30,259.60,259.05,259.10,-0.10
2016/12/20,259.45,260.10,259.25,259.75,0.40
2016/12/19,258.80,259.25,258.80,259.15,0.15
2016/12/16,258.55,258.55,257.90,258.20,-0.30
2016/12/15,258.35,258.75,257.95,258.15,-0.20
2016/12/14,258.55,258.85,257.15,257.15,-1.35
2016/12/13,258.10,259.45,257.95,259.25,1.25
2016/12/12,257.25,257.55,256.90,257.20,-0.10
2016/12/09,258.05,258.95,257.60,258.80,0.60
2016/12/08,257.50,258.35,256.60,257.90,0.40
2016/12/07,256.30,258.35,256.20,258.25,2.05
2016/12/06,255.40,255.80,255.25,255.75,0.35
2016/12/05,253.55,254.20,253.50,253.95,1.25
2016/12/02,252.35,253.20,252.35,253.00,0.35
2016/12/01,254.25,254.40,253.40,253.60,-0.60
2016/11/30,254.40,254.90,254.00,254.60,0.45
2016/11/29,253.00,253.45,252.50,253.25,0.45
2016/11/28,252.75,252.90,252.45,252.70,-0.45
2016/11/25,252.05,252.85,251.95,252.65,0.45
2016/11/24,252.45,252.80,252.30,252.80,0.35
2016/11/23,253.50,253.55,252.75,253.40,-0.15
2016/11/22,252.55,252.80,252.25,252.70,0.15
2016/11/21,249.75,250.30,249.45,250.30,0.50
2016/11/18,250.10,250.45,249.80,249.95,-0.45
2016/11/17,250.15,251.55,250.00,250.95,0.70
2016/11/16,250.25,250.25,249.30,249.80,-0.65
2016/11/15,249.75,251.05,249.25,250.95,1.40
2016/11/14,250.60,250.75,249.40,249.95,-0.70
2016/11/11,252.40,252.45,249.60,250.70,-2.00
2016/11/10,255.65,255.90,252.15,252.90,-2.40
2016/11/09,250.95,253.95,250.35,253.70,3.80
2016/11/08,256.15,256.90,255.70,256.70,0.70
2016/11/07,255.30,256.80,255.10,256.55,1.40
2016/11/04,252.90,253.10,252.30,252.30,-0.75
2016/11/03,253.75,254.15,252.85,253.05,-0.65
2016/11/02,253.20,253.45,252.20,252.70,-0.45
2016/11/01,256.30,256.55,254.30,254.75,-1.75
2016/10/31,256.40,256.60,256.05,256.30,-0.20
2016/10/28,257.05,257.30,256.20,256.70,-0.45
2016/10/27,256.85,257.25,256.25,256.25,-0.65
2016/10/26,255.50,256.05,255.10,256.00,0.30
2016/10/25,259.00,259.05,258.10,258.30,-0.50
2016/10/24,259.90,260.00,259.05,259.45,-0.10
2016/10/21,257.50,258.30,257.25,258.25,0.60
2016/10/20,258.50,258.65,257.75,258.15,-0.40
2016/10/19,258.30,259.25,258.25,258.90,0.65
2016/10/18,258.30,258.75,258.10,258.30,0.20
2016/10/17,256.15,257.00,256.05,256.55,0.35
2016/10/14,255.85,256.95,255.50,255.60,-0.10
2016/10/13,254.20,255.05,253.45,254.65,0.35
2016/10/12,256.35,256.55,255.55,256.50,0.10
2016/10/11,256.95,257.15,255.25,255.50,-1.50
2016/10/10,261.00,262.00,260.75,261.50,0.50
2016/10/07,260.55,261.10,259.85,260.75,0.20
2016/10/06,261.20,261.90,260.50,261.60,0.50
2016/10/05,259.70,261.05,259.65,260.70,1.15
2016/10/04,259.80,259.95,258.20,258.55,-0.95
2016/09/30,258.30,260.35,258.30,260.00,1.80
2016/09/29,261.00,261.35,259.20,259.40,-1.65
2016/09/28,259.35,260.05,258.70,259.95,1.05
2016/09/27,259.95,260.00,259.05,259.90,-0.50
2016/09/26,257.80,257.95,256.90,256.90,-1.40
2016/09/23,258.80,259.20,258.25,258.35,-0.65
2016/09/22,259.40,260.65,259.25,260.45,1.35
2016/09/21,256.60,258.25,256.10,258.20,1.60
2016/09/20,255.10,255.85,254.75,255.05,-0.05
2016/09/19,254.70,254.85,252.65,253.45,-1.15
2016/09/13,252.30,252.85,250.15,250.65,-1.40
2016/09/12,251.45,254.30,250.40,253.95,2.25
2016/09/09,257.85,258.25,253.95,254.00,-4.00
2016/09/08,260.85,260.85,259.55,260.25,-0.15
2016/09/07,260.05,260.70,259.90,260.40,0.45
2016/09/06,260.85,261.10,260.40,261.00,0.15
2016/09/05,259.70,259.85,259.50,259.70,-0.10
2016/09/02,256.55,257.95,256.35,257.95,1.40
2016/09/01,256.55,256.55,255.25,256.10,-0.15
2016/08/31,256.55,256.65,255.10,255.40,-1.10
2016/08/30,258.05,258.35,257.30,257.45,-0.50
2016/08/29,256.55,257.55,256.35,257.30,0.70
2016/08/26,256.75,257.80,255.35,256.10,-0.60
2016/08/25,257.10,257.40,256.95,257.35,-0.05
2016/08/24,257.20,257.70,257.15,257.40,0.35
2016/08/23,258.60,259.00,258.15,258.25,-0.10
2016/08/22,257.75,257.90,256.90,257.45,0.25
2016/08/19,257.95,258.50,257.70,258.45,0
2016/08/18,258.50,258.75,258.10,258.70,0.20
2016/08/17,255.85,256.25,255.25,256.15,-0.05
2016/08/16,256.30,256.80,255.90,256.25,-0.30
2016/08/12,256.35,256.45,256.05,256.35,0.10
2016/08/11,255.95,257.65,255.75,257.40,1.35
2016/08/10,255.45,255.60,255.00,255.35,0.15
2016/08/09,256.15,257.10,256.05,256.20,0.20
2016/08/08,254.45,254.65,254.00,254.05,-0.15
2016/08/05,252.75,253.95,252.50,253.90,1.20
2016/08/04,249.60,250.40,249.35,249.95,0.35
2016/08/03,248.95,249.95,248.75,249.95,0.95
2016/08/02,251.50,251.70,250.35,250.90,-1.30
2016/08/01,254.00,254.20,253.35,253.65,-0.65
2016/07/29,252.40,252.95,252.10,252.90,0.50
2016/07/28,252.15,252.15,251.40,252.05,0.05
2016/07/27,253.50,253.50,252.80,252.90,-0.45
2016/07/26,253.25,253.50,252.70,252.90,-0.40
2016/07/25,251.05,251.40,250.35,250.55,-0.30
2016/07/22,250.85,251.85,250.85,251.65,0.90
2016/07/21,250.90,250.90,249.70,249.90,-1.00
2016/07/20,251.30,251.75,251.05,251.60,0.70